line,mean_h,se_h,n,H_index
35SpPETEp,9.51698439241413,0.32011412589602795,10,1
DMR6pPETEp,10.380437265588656,0.057274302520275835,5,1.0907275705803168
